puuid,leaguePoints,wins,losses,tier
ku6-OAKXILJMi9QAV-oQgTP7I2ZUQzWETi9LB2qLI-QYA7rbm9wkpl3zQsGL5-aEu513_Tfunrqzhg,1904,240,115,CHALLENGER
WwCqAGLhx8AmD_O-2pW_ZaKzPuvsXINaXQ_gugz9VlljGeIA4YpVtYiduTcE_ujwEVQlRwXSirUEzA,1706,722,548,CHALLENGER
gp22GSIE5qqK95O1ZcnkoO4gHku-nT3JDIZqJaMCOianXaZXMOrmgyIcKK4Psvy_EuwksweWXA-A2A,1681,339,249,CHALLENGER
E_YnCFtaEQqxmkAe-I10Op9W3AkpwxywsArmbm-gs4sEl84PW_3YX0VRiEOLJYKow65FIYH3mtwaQg,1531,253,166,CHALLENGER
qIZwsHPHsbwgiunHe5JA6T5SKoje75DKfpRW3mvVEcIiO6_AkE7JhbGwAT0xV6QvAPuJ4z_dSKLAPA,1531,292,157,CHALLENGER
xfNbaAvQ2W5_8vQPoonoo_H5NrUl0PO6XndHQEx3wgro4MyJY0DLfQQQQHdPeRtJhSx_lmMo6xrBdQ,1521,137,49,CHALLENGER
3gxNs9Q7ycFfNgQLn-1WwO-oM867LzSNSVpZbaHBMtP-S0jy6elVW4lNyUARwi1kjgwgFYNOrkQ93A,1513,242,147,CHALLENGER
ErleM9HM35cifY76jutT1rg4qHstuw5d5laWTTwfSDNBAz8d4JF2S3E2s-5VC90GfM6x0_Zs5HxykA,1510,187,111,CHALLENGER
HKYZTjSVMFLwZiWFsh1TtLwMatHp5NQnhsQgNvcyCu97x2t8iDIMfpiJbd1TUxet0uhznZQSnz9Sog,1510,272,188,CHALLENGER
KdYLzfmqJoCw3P-arYYKGLQFzLy6zjEVt08OZ5iPiiie61ujbXzNoGOSeo9QzJLJ-qGdJDqJq8ormg,1510,234,167,CHALLENGER
BA899iwvy3ffP4pYs1IN8jcdlZiYlQXWriAneSCf0Gqu_P057cd7i_vpAxe7OmlyJH5zCrlxh4x4vg,1507,382,276,CHALLENGER
ICy1akGUFXwkA1iDrRCr-u_dZVNNKB9eBAqyyPkzFukHWeXhB2NloBEtQ_jtwcBfwfx6NacILMf8GQ,1506,146,76,CHALLENGER
H2LWTRWKiqKRtG_i47K0ZvTRJYOzVovZH9zOo4Ci6-u7wAKDe4N3btwkP3ZxJnRapIBngEOdxJCfgA,1495,464,394,CHALLENGER
JJUN6lkETQQlgzvAJbXoOTUkFv32kwEu39zrsv2hpJIhUHDz-RZjJnAVrOonEqUmyqghtvu8a9maFA,1474,412,298,CHALLENGER
ClThJahaDeUolyBmXUD1nuz8dssfBoMswwQ5ZOHhJMZK2nDIyFZbKUM3fWGZGpsf5a7pPTlQFLUFUg,1470,332,276,CHALLENGER
ObZU2yS7OK_2o9ngA_giFhscqjKSFvncu-bz0Mvuytwj4SRCgRyUkSnMes5s-u8m-vz5iLi-FMXcFg,1444,380,264,CHALLENGER
-QqbcNy_EXRtq_zHKkUoW1Y6BFPalOxmUwJ79FowpJehlcBGZ_ihZEkNQNcvYqA2UoHW798su-xK9A,1443,806,520,CHALLENGER
tLOsryk3UxFgXtiooYqutCDHo9pATi4DAsYT0mZhZrHwVmv45iWDAyJt64Cq-T_5IrOuWGOPo6MuHg,1440,480,385,CHALLENGER
aIiaHYGBR0yT73WuGGEg-Vwu1CUAIG8LR8uV8hrlBMzrPkvGqau5D6zDRQS3QEYuWIT3byT5-9Pwcw,1427,317,212,CHALLENGER
6Rymlwaxc93MaIucdKL_9xLkYrf1LMpW8CXhBkiy1vlZj-iG7yhnVn9rYdQsA-pCrDL5zTidbGW1FQ,1423,316,195,CHALLENGER
1Rf7z9mhyQsOEF1E-q51G3E3eZEA8D89_m4eJPV0Zahf1ZQFV3_PallOowLGuiyYr9syg4jMYA3clg,1374,349,250,CHALLENGER
HpGJ08XDbR4BYB7zYVnorbjscQAfillJWcV_qh_kCEj9qEe8xsA9eB42dk9tjCHAOBmn6P2F9gG8Sg,1365,468,340,CHALLENGER
HxzbsgqngPtD4vfrb4PBr_GL4CpC9LLF97Jcr6To6as9Wfkl7xlflwbsWVoayL-96aqpUBf6IIGMdw,1363,268,181,CHALLENGER
ddu14ZNaIC9F6Tqlx_kUEYlLlv8gIRAR9OjrDiS6eW9EHpdOf7vp43ZMc9DauC63o3XNjLK76ATweA,1356,293,219,CHALLENGER
ZGecXXnIWrvXof2qqLG3nZK6fYf8zzg6ECYlkWpvhmeH5XH0WlT4dS8Fn09lARyQOM8RwQHNWMOrLA,1355,587,497,CHALLENGER
EgCcOABf9Zw7u7qaUTqp3LOu-YOYu14ppyCPmKXU2P0L3BTCx1LOyhafBBcafXzNeJcfAkg9zw-9Ng,1354,310,190,CHALLENGER
qFC1ElCaTAM_YtPdPARloAr30DAaDC_If2pjMwzmTzp4HfWIpBYS4vbi43M6_nx7sUdCuYlehUEXNg,1350,510,404,CHALLENGER
4joduJlqtaXhWbUKHZ-xP0ZRuYr9g4yTZY8qhSyIfA_0-mfkfmhSycWuBSYhfjT-CQtzv8D9I1AI2w,1350,598,483,CHALLENGER
2H4CXJPU9Re1V8VZrizePCsMyjJZqC9FCkxlSN3vzYl8IWurIT1DFidTlTcgKhpFr_EfyDPjy1w1Nw,1346,377,314,CHALLENGER
ZjhoyjR_m_OGHKjPxks801dtyqm1b_AzW6XLk_B5ipXWNFZPA292K4GHBmT-dDQPRyX_Uh3-Kdopvw,1341,486,397,CHALLENGER
afbG9k8RMspzLyqKJxSAd2uVr8-iGXTvx6g6ESN4a5PAWoj537IDc-meYtCKwgAZKUI9Dz9Ql2RGyg,1341,467,403,CHALLENGER
tVdDikN6cQbrcju-9tX65lZYJ1VpOuueAAXoLPwgbDwehdjiGTaBMvjqSe7jYKaP_G_DglbdSldl_A,1329,224,140,CHALLENGER
HMFPv9QT9mUULiLhQI0DjnC59pTFa4vkbcdd9dHlV6eaDRE-2KO-GsAobjEfKCyDPoTlyV0n37VeYQ,1328,282,204,CHALLENGER
E7EiHpSFO6nSNBgFX_dRoftth5wq_GFOi6eEMfQT3MTH97APXXwqCaT1bm1GPMAfbycInTu88cwGgw,1326,409,293,CHALLENGER
jk6F4Y9RlwTo9FCFYI3k9mVh2DKPy77JV1dQj4uT5mnQ6t34RVhAUu8SX0wNKe3RqWo0mOQB7RVhuA,1326,283,158,CHALLENGER
HcoQfGnVTyWpr3JJtUurXdkoHPCQUKrnh9sePJamrg_vqRASQtZdO3Ae5Go7V2wjffZ0MQUgaunt9w,1325,273,191,CHALLENGER
8YkgN-bph8k9hgsBhTcxd5hKhfOnoaN7EWAfHNyjUtp6LSRzEGvXPy0z9epGaX_BBDjciIo0m6qkkA,1321,422,376,CHALLENGER
X1hrPBFXA13-sHuUcsKZqLhLVzgzjlAx-SKQa1-iE2M0MsR-VUq4ltHNlfVJsZ3bfEllJGeKROUWEA,1320,230,169,CHALLENGER
kTWMKlAbEwqZXn_Wtoioj5BRD_ZZHxYHOtwVYhvtXdBV8kTIjcWI8vwTOGWPylQKVD9NI_H87Em7xA,1318,344,268,CHALLENGER
pqcwI4VgCNvs95TrjNxo_4v9hD1VI4WhfHM-u8wS1o0jfsaedlgbjyKZ9ZLabnwydRsUQ3_zf0EroA,1314,212,165,CHALLENGER
UbJK-90BZoWSrksXGp6Lvi3h_8pGOi1kyRN7YVWZxm5acxC5Gy2SDJLIxlLScZUO8A0LW8lY6Cba5Q,1305,406,279,CHALLENGER
kaK09qfYZtpzBFicQVCq2iMT0OC_AVUnZDsPLaNa2TUmaKPh7PDJHH4kviWCCVk_B7gd05jPmYtwbA,1301,209,136,CHALLENGER
PWI0UHx3ydO4MEjkl-6svk3vHuHMifBB0LTiJxShGiZj-FkgxdGwP9xvtYlJ0BRMMFPNsJc0i11CSw,1298,531,410,CHALLENGER
Q372Q3eNbeon6EshDIXZ9edX8TdsrZ7awKB43Gssm4jU03usUpT07eGXwCphxmSCY6CmcIVtx6kVgA,1296,334,229,CHALLENGER
a_3GqLjNkiySGZH-DMIFTfk0k15mEy_FAl6HnOOfqj18HRSYyp92LOg25cH98_90-5n6fs8CwCuxRQ,1294,109,37,CHALLENGER
awipcJoXAYbgfxBgApej8s35pKkCBjoWd3wHrA5c6S7e_6g_LvVT6Uy1usMV8u8g9RXcuo-n7gDklQ,1290,293,233,CHALLENGER
NRoExa6xqywAoqsxWfJMFwKwX_iu40O2kKtSQ_gIkkMiRXQPIz4AK4aNF6vHqH0FySVALjgsqMDSRA,1290,364,280,CHALLENGER
wYRL7lVpe_6st8Qaaxyj8gENJISntuR2MEwkn_JNUQemCwBYlDJd1scUHbTgEAH7P8E2AnYLxw1iDA,1289,457,301,CHALLENGER
lzlaXqfYwbc6yJme-sLUkda0dc16itlYfzlEDg_2RQTQJqc-ieoxWC3CHZ0g6p-ftMft_UZ80d-IJw,1286,324,230,CHALLENGER
0f2J__i-3-3uBSeoV1GvDONBjOBQ5xk3uIrAWfmWllvS0ZfhPtLxUge6I4PPxGcBaVxDtmz5tscdZg,1282,462,378,CHALLENGER
lOJ0Y62TeV2MQW8IlpwRYAb8ojhX39YZG3gRp6HPB8CGH1tUp4P3gY_98Voyny3YK-Ry5MIKvRxhGQ,1282,486,438,CHALLENGER
A2jkbeR2Pl7TSwTvhsprqKGD88GND6iX8-3Ua1EVxUuUc3cOecIlLF-VA3-CUT9z9bF332bvkHNChQ,1279,420,338,CHALLENGER
xdzrj_Tp9ypkhzr_8NW6gAi6hVf0f11l1i9HbDAqT5JjfLtAkAMyiA3yMO1vqtuBv-lg9mJyhboCqg,1277,143,69,CHALLENGER
gOSNINvD_-7fUG0O-LhlghDvsbLAbkTWnfI07fJ8feO7KsP6GAryr6NVt9zgd5E6yqhXo9FFJSMVDg,1277,321,235,CHALLENGER
bPygx0ZUMt2YRDz6oWi5EQF2hcdK6TutE41AiD-bW9lr1oOPPSFma3nfYAlUzDQVJNi7TVicECxivw,1273,397,304,CHALLENGER
tG_1CcGEQ5NEuZUnwxyWmxFPuZ5YW70Ycnz-NxVpZo-AbE23OM8CEZgRsl0b1Rdlc65MjEr8EM6XYg,1273,279,238,CHALLENGER
ip_kj6MmO_PL0UxS4etfGOS52TG28bKi_gXURHZWsGDd9DIuL78mGNzdQE7jyoaHNbvXCWLgbknrKg,1270,155,64,CHALLENGER
3rHG_pe_2pEHm163e74B2enk3IXDxqlniyyf-miSTwFXTMPwI7FpTGS0mCLewhflpd8t1tUStLuEMw,1264,267,191,CHALLENGER
zHCHSDouOKRjR7lSorpd0afzUHFgysTrxP67Yae7NgAB2ZFae6nL9l3SpxBidN2I4TI1qEeO_Tnpgw,1261,446,379,CHALLENGER
_HfG_su1Svgd42gM-MFQ55PVGYVO2y4jc7MV4LFUYmBfq7KhtMqFuOtGCnpBIO9YNuEGrsijU6hAow,1260,184,138,CHALLENGER
88-5Pt8-srYs1u2fXl_JjVJF1idrdjHdFIwSmGkHnjHiOKLV-LQlgm1DEkxP0AxYWfrB3KNHZcBHNQ,1253,108,40,CHALLENGER
W2yMMkroWQ7phUzTMoO3oP4xfSgZ28VrmWUdeCmUh_4OtnJQhXTxzV-T-3QU4_00aXsGfjLoqqOnyQ,1251,250,167,CHALLENGER
2MFUqBOCCfqt_Yx2NK-Re_f70ERu7sJvLz4OjDFnoSvxnjL5WG2x6vYMmoQElAsS0G8JAD3wKhQaNA,1249,299,223,CHALLENGER
7hly7tLdCt4fTGSulbvkDY4wA_DtuTSyRQjyUgphYz4e3jMZDMH3D5Mc9ItjldwDt5e-jRn297DSeA,1239,261,208,CHALLENGER
9qeF_oGZ9FBxRSf8E3ZYe2HAB6jUfaRiD1dnULzrvw6oQiDCAGKsVzTc7iO2TPddTeM5ei7-49J83w,1236,371,327,CHALLENGER
v7-L8hIx2pjqszp0yKMi1e1ppdWUdHUF7X_P2zMyqt2toLNAT7lGe8FMLP83GDf5OnPbbkHlscKKaA,1234,313,220,CHALLENGER
dHC4n6swM_SlqB5Ldl9YoqfMWc1V4gsO6rRkAzB1901JupNdSQtf7HR3WLKlyBz5RxjdU_cjdsENsA,1232,371,314,CHALLENGER
BxEICCEaK6HF5iDUfSp_zWA3KAW5IwsP4wH4uYxXGuGQ1PNsjIC2qDzQEHEPr0STK0Mqj3R5ERx9eQ,1229,326,254,CHALLENGER
IKhVmOa03USUTDLndAtPSHMAjqyFJzMnHUSQrENFFoQQ9TRH3y_sJqSUdgc98z5hJ8huo_-Eb9mUPg,1229,225,161,CHALLENGER
H4xOZIscBNNcMyEOnK63SQj3omqrxz8_FATVFxr0XadGYnNWH1eeul-C23LT4B0TYJ-HPfqbUFqjtQ,1227,282,214,CHALLENGER
yBlsjEFHAVJQMdXBSJIcM9RgvN9ucipBftEMHjnJSOY4RmIyBV3wFBXYSfotEIPZaMoqDgdyu68ITQ,1224,313,224,CHALLENGER
CgIv7p4A4XgsI3TucBczL1HFMsmh7_vNwrv4IWmwYxdok17DG9YsHKgu5Bj8yG6KHZZ_zsAPzZvpPw,1224,253,184,CHALLENGER
aBAZZ7IpWzNSK16yqgPtN4lZ9THfn5eIEYqcZ0avqIqqVduU-ezmJ-IyrWPyxqQ7bjbPTOWsVwkJEg,1223,312,272,CHALLENGER
zL1cYj19v3np4mWjIdOEDZKokQuEuORZpqA8dxtQ1bX6zghU-8wpTBg9xr95QsqxCXHCdxEe2oBQkQ,1218,452,354,CHALLENGER
dDtKhWLiW_6KiCspaeS_rNh1GVZKP0bxjBjvqyMkELUevWVuD36c607byPuPTpOBA-uWHZ1JTqW1Rg,1217,408,361,CHALLENGER
Ex7j86zpJAYq5RS2nVDcsnjeO_KLOFcKjlh1URxOhqMT-ZaCsfPv3cXEYnf63Efg3ICjHYyzfu5AoA,1213,175,112,CHALLENGER
iAxoMT2VI2gvh6eMJPw2b3764Rq4qFHZheY8i-i1xO1cY1pgXe7e8xVNQdmKXN_ooVXZINFwgibwfQ,1213,333,286,CHALLENGER
F0K-k4tWfz6p7gMBqon96qbDV1YYjgbv34rCFrNjlpJxdKxJ3Hg8xk5lkBSGOu3cxj2xYGNjGRtxBA,1212,441,381,GRANDMASTER
XnrWIdGlVT-2SH5Ak2hK0IPjEvEIyl_XVTq7WHDxT6EOYQ4HnAw1HWnwLcjy1pM1mENZgMTN6bOXQA,1211,180,128,CHALLENGER
Hf3x-dXhJcu2WS8_bwt9mXxUF3K2VhLA7saHNAcC2sB8bsBvUrkC5oEft7j7mfQTY6T4uFZVf6yXOw,1211,293,226,CHALLENGER
C5eF-SczMu_1FVgUpmplZ8e5f2PneoQAYn3TmMNHExkYR6X3vJ-Zzh9KoKzMwHQaNkCHlz4eL8xPVQ,1207,398,388,CHALLENGER
zcAFfnlzRAOXxduAd-OnrZg096UnaSibFQa2JnDATKuQdggbw1DiI0koqwSGqXpF7bb7zr8AKPupaA,1206,166,131,CHALLENGER
J0wcHd0GHOwekKI75XbMRTxeX0V_-LYNkPajeEuLqeoMw4MWi9Jh_VrreOoVn-wa636-AFyGAYibYw,1205,658,592,CHALLENGER
_u9N1T1hqWEdFGASyOLG01pATaBnQpnhoqvbh15DcaGNjE6Q3NzDHUgYXqcYblCJcwHJW2j6-KPwjw,1205,111,51,CHALLENGER
Yb6nllID32aS38mVRMyAJYFkOmQRt77Ol1BIHsRZrwFdV0dU5yuFWSlD9bvUEO07P0plWAkN56KYIw,1205,590,480,CHALLENGER
-sSge-VMUGCJHVC1X9aKUe28PCI2B03fw1iFZQe2NCkGbTTnAmhMZjkaXx1ICAI_IkJLTIw2Xq50SQ,1203,254,198,CHALLENGER
z5WsNq-Ki4J8HvAWe3333eaEtoj9b0tnY81k35PL6PkB4LJ21e3eEoY85E6lR3ZI_DVWV-jX3uWCoQ,1199,288,233,CHALLENGER
yWKrQS3CMB0HBDqX5VcqaEShaeoSLm7ETN3qmj50B-6o0r37HMWX2-rGzcObNoXA2EwPFpv86fiWDQ,1199,120,59,CHALLENGER
_eglmVML0_3ga6ZqBTEjWw0MfFu_M8G5poeSs7jHv_1wD_Ne6oHwec4A1b0QerEBzOPYwghtOaEglw,1198,142,72,CHALLENGER
img6nAygLkaEN6ZLU7ZGyRPAS5aPTJnhWgJy6MLqKvvjKfP8uaZnCGywM8Crs_KS2CKFBKM15sKj9A,1194,303,253,CHALLENGER
vbsGb5v6n2yV-Um5ZG2qMWFs3lu4YtyJdOctqmyqocE3FF_yJlvfa5UzGrEWnzngOv87yA-AD5FRHQ,1194,400,351,CHALLENGER
fT-3HiGp4kUwADWNcUxW5BqZEmpgAuaDC0l653U7ZBec0rolpiNtO8qzIfA0QJpoKignpETVaFiy7g,1194,197,118,CHALLENGER
mCZI6AfvoU1h0mUoCm-MlpAp6JZfWD3r6Dw7w-eO7wRk3SttFOqliu5N32CY0klz9jFt7CUThyeLVA,1190,441,340,CHALLENGER
y16g43MpU1KqxIXwEZ_Oi3LNXXs7t0UdboWBlSqD91izKm38e1UZnICoILM-DmZ5TjkQVEioHZYDrA,1187,385,295,CHALLENGER
Ar1i5zQvXmrYrJJ0OKcfDaEFHZ8PHPYBSqzWppmZ6WzTjiRuJUl_6eb4uZS3Gr37UanKUIc19PSAHA,1186,521,472,CHALLENGER
vciqfIKPqBcegzUHi4aKo-6dsFdOtH5xENffwvCZogN45AbeMYOpB2W0Dr94LHyiKMPBz8qIRjUYCg,1186,598,546,CHALLENGER
wHl3XLEKMFD_4kSYFjnWARx4OP8yp7vnSp61AWdq5l2dP9W78gJJfAoEC4ALdlEDAt-Q8Fp7aiHkSw,1186,208,138,CHALLENGER
4PvNDIJT-mUavsWC5m9O0b_uNT7oFT8Vc55B_kWze6UxjGaBF2M0syr9nbzCDFgV0meVygZUtrRMaA,1185,216,181,CHALLENGER
arV7l1liOcC-gGrXi5ifPGPA1tWjIVPM32nA37Sh13wGT_JH1jV2fE9yIub36Vhiq2_fbxvhSiobZQ,1185,338,260,CHALLENGER
gqrF3q3y1AyH4SepzEXbNr7Cl_gtsKyny_darrk3z0KZruiOo58BQNXJGo5N6wBybAMtiAfjZnGgSQ,1183,188,144,CHALLENGER
0Anbr8BqVmwElfY_VmPh3Bml2SEdsdGEpfrrbwMACi-ICJAy0vOmerTbW32BCmqxKI9SuCXazWcfgw,1182,331,230,CHALLENGER
ulEiryHSrvjrq96PDY2mOO78E8Dpxc7b1ePjltYPXAsSWGaREJz71c-57E_xnP2DcdZ1wg8uSRSsGg,1181,355,273,CHALLENGER
WR5isj-EkBMKhlDZoUY6sy1QhsLlsUtEF1Vrj2fJufdOyFZFtXvZDq-RvPGl7HZa87eIegBJGSu9oQ,1181,223,187,CHALLENGER
if2xatZKg2v5uRTkg4AKQyfgulAUzTUr-71qGueY3PNwafoszofUVw6CgMDmFxXi2UDI5UNO_5BJ1w,1181,209,129,CHALLENGER
s_XwGE-MUIpwOWYBlQ8gQ_3_PSwk9DulnAhWE_rOPqgaYKnlLyfIIDiba0Tog8-vSvN8A-fmQwo2Wg,1181,114,54,CHALLENGER
WCuQEZ-DjMtScWf04aH0X91qxQiI0ZFItDso7DjXnDfzORUDebIokIgITjJ4ywiX8u_myfgzGnGl3A,1179,384,337,CHALLENGER
tj69G48IqWXCr8dbp-4796B8Oua0GDQZyAYGk7LH_YNFITlT3JVG8zG0B62aUNyx8dsEq2IfvvNBtw,1179,531,423,CHALLENGER
EPV8jEYSycwGR4l2qGPSLDlBi8G5lR99_-p_7h4bccsnTnuAPRCbkQt-1iDGVE4rZHR7bpOaQbJ-nw,1177,194,156,CHALLENGER
_3tB7KdCFP5P6lwvCavB4R3kmpcQMnAOa-gueB63OamEWx2wBDrPkX2NqD46oWxy59PHtRcXdToysw,1177,265,204,CHALLENGER
HwtgRnkth-VwhXmICCmA8Lg_G-Y-o1vsUmUXGoPvtnk7NsBGo1dYG9s-Lxv8FInsSVPprGKysJYe2w,1176,265,189,CHALLENGER
z11pQIYzQoYfinFCPwvTtHhueMDNBgW0OrKvNC5HZeLrJMbK8LUUIYRbnX8w1rIpjPFMfIe0HrH7OQ,1174,238,194,CHALLENGER
W3dRWPbTBvUtMk8z3dS9FMTTuQO6pYoefg1NgI288BXBKWDKEG9HidbY5HVEae5SDjLfSRvurD_uxA,1171,188,146,CHALLENGER
7xNt7bOHXf4IHHM306s9woMm9ae_sJa3USqOSFxu03w3gjy7Baz01kIUa01uhzprVvdlvqG4eE9DkQ,1169,311,232,CHALLENGER
duX94UX-Bg5l4nQczCgFOCXCMIkW6xlf9KQPD-mosJwCbsthMVQyQDdGk1jqG0MvxfS_JHfbBbPSOA,1167,325,278,CHALLENGER
3sfqVdojbHNY_i1nX6kSBArko1QPBFQ2B0BsvzZ4d_0dUd62URc1SdUqQcBDyNWhM6R0FpIOnhaNUw,1166,263,211,CHALLENGER
BvDV8_26rWkIrKMrRVroW30JeREXCNxCoTZDWG17V2o0I8B5CVPQmmPqDKKeeWqPYUPp9r_np9IW7g,1166,605,513,CHALLENGER
DazyOIKxlLtRllv4aVl1Duh9mWHsq-scogx8IDX9-opJ0mEC185bqCavn4fYWJvjPRRityLKicfqAg,1165,718,564,CHALLENGER
_rgz9_myyAAOxIAmg-roEaBOyHAWiP2dZxajCcqOrxTt8LxKU35qwFFM1B3ywOpQVlWf-o73AQjEvQ,1161,270,182,CHALLENGER
qATGNRkeFY6thvAzoQEoCzS3oiuggMGgy9V_AmT5moQ9B95t9PFjt7_-v27lMFiOyPx2DgXR5Xe5WA,1160,434,384,CHALLENGER
DVZeCBhIaSCcL-bbVCrw6gmULSJsZ_chwzF2ax9khLfqMvI-bwKU0FD2tAdlTEY8ftgiMdyTLLsfUQ,1158,258,212,CHALLENGER
RWnuPxXceYsBPOFzTzy9XUeg81WuoaB_M2OP04T9OcG4ap7dVakUO_Sqe6M1oWwI3qU2UDpxOq7crw,1158,427,361,CHALLENGER
4XL5usxLauhG5kMf_WuoOlfFPABOdly1lVyt0RjfZJLLSC8zPc6SrKAu87p4CANbY5JIoLEvsnZpSw,1158,170,125,CHALLENGER
xjYSR0L4zu4PfOF-IIHuSdXGrOrUXQ-tffcFoI4LrfGwGIFfhAWAyhIDO6bh9ICZhkLpwwYytZ3LzQ,1156,272,208,CHALLENGER
5TJz_pw3cgULf5RSXn6pTVjcofNb6rHUNTQ2-5RJ8FCPmzOH1GHj-6HFXhayd2P5J7e1bhT0ZOkPrg,1155,279,237,CHALLENGER
kLWpSrSE9UT1thnbOJ90dagBWIFgs6asgU-MOz7PzeF2o96jQnFzrds0QHtOm3qmkfe8sc4aGabATA,1152,586,474,CHALLENGER
gNDtNe1_numA0BtpZxoWVSvfwD-sf1NcctF8Ezl_BcQoBS4zIW5Jw3pg6hafAqdOXReJ4EKdzFEoDg,1152,414,336,CHALLENGER
T8AOjrcd_-qm1t_3yTswMJ3TIRZLRbdZNaARUaLdF9ZVZPSJksjYxIF63Ds-ek8Nl9-CMNcd0G84nA,1151,414,310,CHALLENGER
LMyDAGHCOk3ZkesH0hZY7dYq-7PWuefCjgXOIZ9hhN_a-_hcM3AFTI5MmwIdtJ2RvdNaavC62jkpBA,1150,202,151,CHALLENGER
NSg5o-VtAJpNa5npn5aUtoKQlUKH2Ds-zCddRg0siiM-_Y2KfRalxSyCP3VP30sg6Z2WnURGKRMsvw,1147,377,309,CHALLENGER
wRbKn-4lH2XZPOjAqQcGeEeYhm_tXADbLoH419h3RZNxexNK-qgPiSQfA5z-06fImIt4mdiXCz1T2Q,1146,399,355,CHALLENGER
LwRtM-s5ZPjanyJvxVg6LPxITu9TqU0haXfJ8Eo3OKf9gxXMAPalv3xxgjUDwRvs1S8_iWN6wxLfXQ,1146,281,181,CHALLENGER
w128C-r_VMIe3KxNtRgiYsk12P5A0ZmiPfrTzS4HT8Pwyv1Ked0oEQZWTEx2psr4HBaeEjrj5L6f8g,1145,677,595,GRANDMASTER
dPvyE4w4VrYHwcKy-DjwJ8AXfQJlgD4aenlGuVw_CrHcWQoNf6uDD58TLGnEmlJj1k7PpRd-pk3EAQ,1143,476,441,CHALLENGER
FCgjloB9mBQ_vLuYkkTRfJYTigrkk_6Ls_fACD-1jdlj2I3HAGbl_WpFzG93Uc4adxeYJCrwZuYEFA,1143,202,152,CHALLENGER
zyDVGgww0J-c58EIGvoKPHaaVw4ehTroA_6cr-H4iQx2gKbd-NVtx9Id7xpC87GMGe5coNCYDHPdcw,1141,257,214,CHALLENGER
MI-kUDCe7wJ0Sq8ueH2dEzBjO6o-ePvzpUx6eIqGLPXIH9AzS9Rs8h1oX-FS-RwtSPW9uXo0obLAhw,1141,194,162,CHALLENGER
BAr86TifalZU-YEQSq1WQZWECdibBBzxw0pcs2za0ypeVC150okr-S0CqDZRu5L51NNNRhXzpxCMfw,1138,265,195,CHALLENGER
Cup1XEioQGQbYxzY9sAPFEcJUbXLJj_CTD0QxM9EYpHejjcjpzrVSzFgCtK0_7Q0POgsvtjAvCwUrw,1137,196,137,CHALLENGER
yL17JTg8YepMeEyaBDcWH8Yhu76-Gyt-O0QxbPlYwgwKDZ2R_Tgi0d85_bgHCz8Zy07O6uHRyLWuHg,1136,351,279,CHALLENGER
_Nt8I33ZQs4lPnpauNriVox5MCBCYZy_ttpZ-OtRwHr_cNhMdiEWPnH-YFWybuqNZXekQdi-ZURYEQ,1133,407,362,CHALLENGER
rLT6oaqATy9mIihN81jTDQgeGnT_bdbwmq33XMxmUV-t1FdosFIdPcF4mkAQ9ZgDYFDlCGAHWEARMw,1132,136,82,CHALLENGER
fNQKAt9e4p8lE2cHFWnSbraBJGksN4klsaQdVhUEthDMqqIgnRyUHnrvIYDL28s2tTougG22mZ7grg,1129,424,359,GRANDMASTER
h3MP3lyZzgY5RtYcGdnU9xCmMYebxkRl2QLt-yv_lE5KMO5pvg2NU-OOIBWDto5IrwgL8Q7Esw7XWw,1127,124,69,CHALLENGER
XMCsPkZtcX_RFjhi4KfbqoC_4U-WB_VY59qrrZN89RdMiaPCYjNXqlAA4pHhaZ274ZIqz07ggKlkYg,1126,124,75,CHALLENGER
MF-LghIA4jQHshH6PfDD0fWJ5nAqr_7E6ePs2Fm4s_Gze08F3OzN_eKidr7CoFh4zf0h57coIVke7A,1126,505,452,CHALLENGER
xKbbcbzZXy9buHlVpaUORI4n0z8iQNtvNWOcN3raMW1CBECOqsRk3RG_GkBBbbOo0yOjfjB-hNIOIQ,1125,435,368,CHALLENGER
mOBvv6pDltTFBY9Mvlod_1Oj5e1p0rTo0AsfYGnDhN_Z4sUgC0Gdo6zjJXoedcxsdnxqiNE3xa2cwg,1124,326,287,CHALLENGER
X5oz4GTLGg-TNnuhIUHazbGUlr2R4ha-h3BF1kutJR0LfdHRFBPVHH8lEReDXvQfqzFgDDZNem5WiA,1122,307,251,CHALLENGER
pEmzxC-UUn1vqpxhWujbjbiQGAh2FsopCx_N_qybr2iEKTYQwvOtMr-HKEnhGBpzK2OduRPd1AD0cg,1120,274,203,CHALLENGER
SZ0a25VP0JseV4F41MXCvAM2b13Bc9oUtfj_6hLzd5GDxYv0zC374RezfwQvsISJ2DaenS_rfpMA3A,1120,364,287,CHALLENGER
MFEPVGajUzsDCKvEPecxqfsw7v2mg1CCR5njd2UYvq6IQFL26Z2idMnYFQqpvMOMzbqGKpk1Nwhe8g,1119,220,167,CHALLENGER
31bOAw7k-DDGp510VPQ2q7ZUt4ZVEirqv_pn3mXvFQ6hMRnN-8MRGtCsVYx-FXvsCbheq2Kk3TSiKw,1118,445,389,CHALLENGER
xYKmCFOn9TxIE36ZymsK_1D-tFJJ2q4r3ewB-WAqdVjzZ5vaozJIOdGhoT4FW1lldoDTnEDVn0Ktyg,1115,230,159,CHALLENGER
BG3hvTbxy2hrVxmgTPnaUlC7O8VS2ptCqR_2PrAnPSUIZqzX7ZNt00nKHUsUZiSmHZMWo3F6NpfrHQ,1114,343,290,GRANDMASTER
IePF10Wd95hAyguPQsNHxGoyyF4gk8p3RWleR46lyGxYvg_D6zciYqiQFVo8eImkxwAgPo3PWc9BGw,1112,212,172,CHALLENGER
h9ObAywm6glz7Cvhj7-xwDSotrs1NXUA5wanAEObtlgoF4N4An7zpkBSHG5_qzRFJKyMu-RWyCLE_A,1111,363,318,CHALLENGER
cWVb0hUbuv7ccdi4i2tfaWij_mM5xz1SrLYF6nj6gHABjJln69AJabw0sMFQu1T_3FWR_ZUdNJHclg,1110,301,246,CHALLENGER
uMT7tt8kDgr99Qgr1g9EB1pscFWcHru6mNLQgQNrhz-L5QT6fb-X_mrVKsbq-gwKaKzr_3h3Wh0_ug,1109,272,182,GRANDMASTER
AR9HCg1EB6SCLfWdLtip9yx_moenQep0xM_jPTDF3n8oIH6Jp2_F3KDqkT3UBZTNz_BKlOso7-ex5w,1108,318,275,CHALLENGER
g9cb4Q1857EmQTugKwIj52laKRFmw9I6C9lto_dpZ4z35I1AnDvaRNyoeGB6xIajPgloTKHucXEmsw,1107,165,119,CHALLENGER
o4SBN0cIga1QFNxLEFFp8-6sTvYmuy9Jp8PTDKzvhF_E4FB61_wvkJA3ZJzMEkfrlDF3n2_yBTzxeQ,1107,338,308,CHALLENGER
WziQtHLAzzMhuQLcNZa4rd-VkT-n0lBp3Y1-FcYrMt3bOr5KdnP8N50bcGqdg3fbqct3kmQZ6ynfPw,1107,259,215,CHALLENGER
Dj3ydSqNKH6dZOcTNRijis5wfYbRCQVGXWmO5eKj_GPS4I4oEmnK-A0fHcwVcuYlQnHGdFwZXLxaWA,1106,210,172,CHALLENGER
gQdePzYqYW9AsSqF4tmLkAx6DTCYa7sB9TU7XX16avXc7HgDCWxtAAvNtGgqwYRoYLBwP_Ak3W41eA,1106,500,403,CHALLENGER
a67UK-6Jk_XWGEFrnNpXlsa9gCme_1PyIaIM2_2-TmTYVQB32Miw3e5jquacJHyc2rVqPgs9KsAEeA,1105,314,259,CHALLENGER
_WS_ep5veNMRiDRyctAjwrzGKA56vjuLB20h2QfycHGoNwhu699oUWx9ntR32Q0TGSbNOl_M51Fw-g,1104,480,433,CHALLENGER
xfstqgW3LVXIiCXEP-4yFKtVTVm8450XasnltLQQd6VNBzFZIjHb1fHHD3mEIJI0ME-JE0KbwqjRaQ,1103,477,371,CHALLENGER
mIF4-TtWMVfaPdwFpXc6YPq-xIfAWb7V6gvqtIPnjTXA1HWW7PSqM7Ol1NMK4phFc9hzdw0wHJUYwg,1103,707,640,GRANDMASTER
L4pCh58Ts8irCK30LkFOYtXj1iXB48U2oMlUN3DQ0S7_RQiRtEWC_poy4mr4BfcqHrWJwKrbgBCaFA,1102,306,236,CHALLENGER
XL-yGB54lhasdk9zInxNTR35n0-dQClbxxIeAX-Szxes5_0y8AU9VfWZskNe2dQyBp6n2kTZP5nNjw,1101,483,423,CHALLENGER
3gHt-IJvHy-X855_BEEwHycpLHmGhUASLwDkSeXy5E89UZLXPxJ2amteW33TUlatP68ftMo89otr6Q,1101,160,106,CHALLENGER
kulVu6JjE5Xkz5To-_oyGv-22eX-lAnpTv_Ur2tQMz5NeBBgU8tXX4dn5mFjuozVbPONGQTw70FbQA,1100,293,250,CHALLENGER
aAYF1IAQFFfOfVzHmg3ZdD8ONcLRgWjuNV29c8nBww_nICUH2xcwHL4H7YTLvlK54rPe3zQV-PL9MQ,1100,310,265,GRANDMASTER
5lKz4wj1KCE6gG7R9TE7xbKuaaftOxKegVfwablcLEKilOqBmA4AZgCRq2RdFj-WxxRDOcaKepP-fQ,1100,205,160,CHALLENGER
Hg6BNiW3_iY8hnsm7B_fHWm92ZcIacaI8tVcheLPmQnKuAvv5uM0L-paSwjwaKmFP4ZWuIBIgTp4Ug,1100,259,196,CHALLENGER
yu59d1IGYOI1k7qnrwsNT2US1FZJ1m_qaBqYwv02yuExlkVzjkM2MtlK71B8T4CFeJzQicXdBbEi1g,1099,386,331,GRANDMASTER
ceCzPQnPJ1Cz6Z6AnvcfQZHWvyTMhrOL7OYJSjnamSwlNScKiVm_cfELNOCjd92xPjTx-v3tncwOoA,1098,485,406,GRANDMASTER
ugDyeNknfLfSsTmRS6byeA5uWpEnEWQ5QDBg0Dgc9y0Xv2pINXvPSEGph1GUwy4FQRsOXfu0Um7oYw,1098,123,70,CHALLENGER
xLKKS4GD3XyhoKy-ecOzAdz32W7rNyYSL3Upm8PoZTrBrsvC8UzU2lnAl31yYt6nqIxz48cdBQiBJg,1098,669,661,CHALLENGER
goR9U4sVQ1PD4r8scH24RnllLwTkRHoUSHbkgdU0MlvjSZ1omLi8HG4BBYajZKFLum2mPtp2QC3XRA,1096,152,90,CHALLENGER
WmMJgzTUbdSUHyWO0wHifFMmG7UI26upBuAV0oHGTtUsWFagti7Rujt2eEo4AcOobyEGB4GrcvEGdQ,1095,582,543,CHALLENGER
Re9bgIx9Uu-vChuEhIxFGT2xIgj9uavAP3gVyH_V4RNHgqj0tk02c45dN0oDNWSNK83DepDJoV3iWA,1095,322,246,CHALLENGER
GHl_JuBby8b8PsKlyLBNJV2953GCQtRSPjXN8H3KtqQo88R-YSzRNkjYZWmWra33KYdKtJ4mHS6Mlw,1095,425,373,CHALLENGER
33mSej5C72y_hGBAJblxdoPKoYod8IYt39oFzbqzqtVDLeQS3ia5_hXCqifmz3wh0q1wNFEmszFLag,1094,437,391,CHALLENGER
73ZVjeLajw3ap73culVkPoPCsUPRsJIzE1J2gcs4Tz0ZOgPvgOAoHCfDNzXL_VnrQxhrZMCRsHPiwA,1094,120,68,CHALLENGER
1Zq0M3hjAVQEzXrx4fF3_rjsgY25favyARrK9yOUkKnfCGq773SW3ebX36vU83Z1yN0UlN5Ait8Ztw,1093,238,211,CHALLENGER
80HMAPlsxuRVDFNQ68x8NLWEEjRkkMz8aK8K-HRG_hoFzNwy8oo5yLY7Kfnai2yx5YCOvGbObyeHcA,1093,412,371,GRANDMASTER
8EeOVXQ2JZ0AOLE5mPR543A3aBVt2K5VnxpeP4cuHZ0Xz-b4A-Y0hTi8YHh4Uis1OVBNJb9apHOVRg,1093,295,251,GRANDMASTER
cS_43bROsTrARCZIaKKt1QZYsFoBgucwEewoD-vT4_dJNK3kDIiJMzeMfk_rbGhj_N28Z9WO-bUe1w,1092,147,96,GRANDMASTER
n_veTyhkfenQ4txzHf9girGfNLhF-FPLo7zVrmkx8OrUr1Ywgx7eRZJOJ68doqYrYzGkkKdqZa7ZZw,1092,300,256,GRANDMASTER
IaROYZRjt8_9LwtGjNgPabGSpdEHTNc7eDcbuAuLuVIq2e-lRVtQTHqFHijBc6HmdSDeFj8ig04wdg,1092,361,312,CHALLENGER
qwlWLYxDRBSpeTCDESwkDh-V7iueXTIqc1LqMCtiyE-R8AJVkH_c6B0Bv8tc4TBG119OOnTIFaKWnQ,1091,193,131,CHALLENGER
lrfl-Foo6Lu4CNU4_-DRxvX-VGpdyj5gYxfO7SGfZ3kyVJBTEETP26rDR6V77O_zYMASAuPb5U1yWg,1091,531,506,CHALLENGER
zHoRL0tUY4AYcwqvD_TNWRAflaUKuACVBiPFAapNCc-0VhAENpB0w2Q6Fkl5Nwj6TU7a9t6ILNvccw,1090,283,246,GRANDMASTER
JLNbNRaz7HwSR_JvlnA01aXcrBH1gGg1mq7A6ZVxSX6F-8T8cPnsZMAMG-f_MSDQsGgQzwnHgoZ1hg,1089,414,350,CHALLENGER
mAFVokF1PjQSpxeQMwQjoZDLLEUVNRU9owBvgkmluGGV-dtbZO0aB9ll58-L5ui5tM6-cqP4r0AyZA,1087,122,80,CHALLENGER
uZGWAZ4W1LJ9nrKoBkrCAV5_S_7zFK0KOz6XoV-kfC-zQB1PgjK5HWYnQfzuVoUfj10Y5lBRi7ZO-g,1086,187,140,CHALLENGER
3yA2GTk6-cMAdyA6l8IEh2_YWbiFAmTBkCcaFeKoIyRhrMTMUsEzCXVt56TQsgTscGzZk3sQeN8DTA,1086,325,266,CHALLENGER
7koFHbx8uVceOuF7E-C9TdR2gzJKxabB8g-PLThqPIRzjuzF4x5XPYZ_5HqL30yOuWpvx9-qjLk8sw,1084,224,166,CHALLENGER
IklVWNH1MGXg8IQ4TIgHyJ-hhsfWShe-Ocjttd8KTwFcKeZoAVCzCtkPQCMguAlHNr9RQXoe5yfRzg,1084,261,138,CHALLENGER
